-- phpMyAdmin SQL Dump
-- version 5.2.0
-- https://www.phpmyadmin.net/
--
-- Host: 127.0.0.1:3308
-- Generation Time: 28 نوفمبر 2023 الساعة 22:17
-- إصدار الخادم: 10.4.25-MariaDB
-- PHP Version: 7.4.30

SET SQL_MODE = "NO_AUTO_VALUE_ON_ZERO";
START TRANSACTION;
SET time_zone = "+00:00";


/*!40101 SET @OLD_CHARACTER_SET_CLIENT=@@CHARACTER_SET_CLIENT */;
/*!40101 SET @OLD_CHARACTER_SET_RESULTS=@@CHARACTER_SET_RESULTS */;
/*!40101 SET @OLD_COLLATION_CONNECTION=@@COLLATION_CONNECTION */;
/*!40101 SET NAMES utf8mb4 */;

--
-- Database: `invoices`
--

-- --------------------------------------------------------

--
-- بنية الجدول `failed_jobs`
--

CREATE TABLE `failed_jobs` (
  `id` bigint(20) UNSIGNED NOT NULL,
  `uuid` varchar(255) COLLATE utf8mb4_unicode_ci NOT NULL,
  `connection` text COLLATE utf8mb4_unicode_ci NOT NULL,
  `queue` text COLLATE utf8mb4_unicode_ci NOT NULL,
  `payload` longtext COLLATE utf8mb4_unicode_ci NOT NULL,
  `exception` longtext COLLATE utf8mb4_unicode_ci NOT NULL,
  `failed_at` timestamp NOT NULL DEFAULT current_timestamp()
) ENGINE=InnoDB DEFAULT CHARSET=utf8mb4 COLLATE=utf8mb4_unicode_ci;

-- --------------------------------------------------------

--
-- بنية الجدول `invoices`
--

CREATE TABLE `invoices` (
  `id` bigint(20) UNSIGNED NOT NULL,
  `invoice_number` varchar(50) COLLATE utf8mb4_unicode_ci NOT NULL,
  `invoice_Date` date DEFAULT NULL,
  `Due_date` date DEFAULT NULL,
  `product` varchar(50) COLLATE utf8mb4_unicode_ci NOT NULL,
  `section_id` bigint(20) UNSIGNED NOT NULL,
  `Amount_collection` decimal(8,2) DEFAULT NULL,
  `Amount_Commission` decimal(8,2) NOT NULL,
  `Discount` decimal(8,2) NOT NULL,
  `Value_VAT` decimal(8,2) NOT NULL,
  `Rate_VAT` varchar(999) COLLATE utf8mb4_unicode_ci NOT NULL,
  `Total` decimal(8,2) NOT NULL,
  `Status` varchar(50) COLLATE utf8mb4_unicode_ci NOT NULL,
  `Value_Status` int(11) NOT NULL,
  `note` text COLLATE utf8mb4_unicode_ci DEFAULT NULL,
  `Payment_Date` date DEFAULT NULL,
  `deleted_at` timestamp NULL DEFAULT NULL,
  `created_at` timestamp NULL DEFAULT NULL,
  `updated_at` timestamp NULL DEFAULT NULL
) ENGINE=InnoDB DEFAULT CHARSET=utf8mb4 COLLATE=utf8mb4_unicode_ci;

--
-- إرجاع أو استيراد بيانات الجدول `invoices`
--

INSERT INTO `invoices` (`id`, `invoice_number`, `invoice_Date`, `Due_date`, `product`, `section_id`, `Amount_collection`, `Amount_Commission`, `Discount`, `Value_VAT`, `Rate_VAT`, `Total`, `Status`, `Value_Status`, `note`, `Payment_Date`, `deleted_at`, `created_at`, `updated_at`) VALUES
(1, '200', '2023-10-21', '2023-10-31', 'هاتف جوال', 4, '120000.00', '1200.00', '0.00', '60.00', '5%', '1260.00', 'مدفوعة', 1, 'ااااااااااااااااااااااااااااااااااااا', '2023-11-20', NULL, '2023-10-21 16:48:23', '2023-10-28 20:39:07'),
(2, '300', '2023-10-25', '2023-10-31', 'موبايل سامسونج', 1, '12000.00', '1200.00', '0.00', '60.00', '5%', '1260.00', 'مدفوعة', 1, 'iiiiiiiiiiiiiiiiiiiiiiii', '2023-12-31', NULL, '2023-10-25 09:55:24', '2023-10-25 10:13:04'),
(3, '500', '2023-10-25', '2023-10-29', 'موبايل سامسونج', 1, '100000.00', '1000.00', '0.00', '50.00', '5%', '1050.00', 'مدفوعة جزئيا', 3, 'ooooooooo', '2023-12-26', NULL, '2023-10-25 09:58:09', '2023-10-28 20:43:33'),
(4, '400', '2023-10-25', '2023-10-29', 'هاتف جوال', 4, '900000.00', '1000.00', '0.00', '100.00', '10%', '1100.00', 'مدفوعة', 1, 'ooooooooo', '2023-12-17', NULL, '2023-10-25 09:59:46', '2023-10-25 10:13:23'),
(5, '600', '2023-10-25', '2023-10-29', 'موبايل سامسونج', 1, '800000.00', '8000.00', '0.00', '800.00', '10%', '8800.00', 'مدفوعة جزئيا', 3, 'hhhhh', '2024-01-10', NULL, '2023-10-25 10:00:35', '2023-10-25 10:13:46'),
(6, '900', '2023-10-25', '2023-10-29', 'تليفون مصري', 3, '999999.00', '9999.00', '0.00', '999.90', '10%', '10998.90', 'مدفوعة جزئيا', 3, 'oooooooo', '2024-02-18', NULL, '2023-10-25 10:02:45', '2023-10-25 10:14:06'),
(7, '120', '2023-10-25', '2023-10-30', 'لاب توب', 2, '120000.00', '1200.00', '0.00', '60.00', '5%', '1260.00', 'مدفوعة جزئيا', 3, 'kkkkkkkkkk', '2023-12-31', NULL, '2023-10-25 10:03:47', '2023-10-28 20:39:28'),
(8, '250', '2023-10-25', '2023-11-01', 'لاب توب', 2, '300000.00', '3000.00', '0.00', '300.00', '10%', '3300.00', 'مدفوعة', 1, 'oooooooooooooo', '2023-10-31', NULL, '2023-10-25 10:04:42', '2023-10-29 01:05:01'),
(9, '180', '2023-10-25', '2023-12-01', 'لاب توب جامد', 4, '150000.00', '15000.00', '0.00', '750.00', '5%', '15750.00', 'مدفوعة', 1, 'aaaaaaa', '2023-10-31', NULL, '2023-10-25 10:05:36', '2023-10-29 01:05:14'),
(10, '350', '2023-10-25', '2024-01-01', 'لاب توب', 2, '125000.00', '1250.00', '0.00', '125.00', '10%', '1375.00', 'مدفوعة', 1, 'jjjjjjjjj', '2023-10-31', NULL, '2023-10-25 10:10:53', '2023-10-29 01:05:29'),
(12, '128', '2023-10-29', '2023-10-31', 'لاب توب جامد', 4, '130000.00', '1300.00', '0.00', '130.00', '10%', '1430.00', 'مدفوعة جزئيا', 3, 'iiiiiiiiii', '2023-10-31', NULL, '2023-10-28 22:05:04', '2023-10-29 01:06:16'),
(13, '700', '2023-10-29', '2023-10-31', 'تليفون مصري', 3, '124000.00', '1240.00', '0.00', '124.00', '10%', '1364.00', 'مدفوعة جزئيا', 3, 'llllll', '2023-10-31', NULL, '2023-10-28 22:08:05', '2023-10-30 07:49:42'),
(14, '140', '2023-10-29', '2023-10-30', 'لاب توب', 2, '70000.00', '1280.00', '0.00', '64.00', '5%', '1344.00', 'مدفوعة جزئيا', 3, 'iiiiiiiiiiiiiiiiii', '2023-10-31', NULL, '2023-10-28 22:09:11', '2023-10-30 03:45:07'),
(15, '830', '2023-10-29', '2023-10-31', 'لاب توب', 2, '120000.00', '239.00', '0.00', '23.90', '10%', '262.90', 'مدفوعة', 1, 'oooo', '2023-10-31', NULL, '2023-10-28 22:20:44', '2023-10-30 07:48:47'),
(16, '790', '2023-10-29', '2023-10-31', 'تليفون مصري', 3, '67890.00', '7890.00', '0.00', '394.50', '5%', '8284.50', 'مدفوعة', 1, 'oooooooo', '2023-10-31', NULL, '2023-10-28 22:21:36', '2023-10-30 07:49:11'),
(17, '560', '2023-10-29', '2023-10-31', 'تليفون مصري', 3, '80000.00', '9000.00', '0.00', '450.00', '5%', '9450.00', 'مدفوعة جزئيا', 3, 'pppppppppppppppp', '2023-12-03', NULL, '2023-10-28 23:40:41', '2023-10-30 07:48:12'),
(18, '890', '2023-10-29', '2023-10-31', 'تليفون مصري', 3, '90000.00', '9000.00', '0.00', '450.00', '5%', '9450.00', 'مدفوعة جزئيا', 3, 'kkkkkkkk', '2024-01-28', NULL, '2023-10-28 23:43:11', '2023-10-30 03:44:18'),
(19, '970', '2023-10-29', '2023-10-31', 'موبايل سامسونج', 1, '70000.00', '700.00', '0.00', '35.00', '5%', '735.00', 'مدفوعة جزئيا', 3, 'oooooooo', '2023-10-31', NULL, '2023-10-28 23:57:46', '2023-10-30 07:48:29'),
(20, '992', '2023-10-29', '2023-10-31', 'لاب توب', 2, '78900.00', '8900.00', '0.00', '890.00', '10%', '9790.00', 'مدفوعة', 1, 'oooo', '2023-12-01', NULL, '2023-10-29 00:02:45', '2023-10-30 03:43:43'),
(21, '870', '2023-10-29', '2023-10-31', 'موبايل سامسونج', 1, '9000.00', '900.00', '0.00', '45.00', '5%', '945.00', 'غير مدفوعة', 2, 'pppp', NULL, NULL, '2023-10-29 00:40:48', '2023-10-29 00:40:48'),
(22, '370', '2023-10-30', '2023-10-31', 'لاب توب', 2, '128000.00', '1000.00', '0.00', '50.00', '5%', '1050.00', 'غير مدفوعة', 2, 'oooooo', NULL, NULL, '2023-10-30 03:46:16', '2023-10-30 03:46:16'),
(23, '1280', '2023-10-30', '2023-10-31', 'موبايل سامسونج', 1, '200000.00', '2000.00', '0.00', '200.00', '10%', '2200.00', 'غير مدفوعة', 2, 'uuuuuu', NULL, NULL, '2023-10-30 03:47:19', '2023-10-30 03:47:19'),
(24, '346', '2023-10-30', '2023-10-31', 'هاتف جوال', 4, '120000.00', '1200.00', '0.00', '120.00', '10%', '1320.00', 'غير مدفوعة', 2, 'ppppppppppppppp', NULL, NULL, '2023-10-30 03:51:34', '2023-10-30 03:51:34'),
(25, '235', '2023-10-30', '2023-10-31', 'موبايل سامسونج', 1, '33000.00', '3300.00', '0.00', '330.00', '10%', '3630.00', 'غير مدفوعة', 2, 'llllllllllll', NULL, NULL, '2023-10-30 03:53:24', '2023-10-30 03:53:24'),
(26, '2800', '2023-10-30', '2023-12-01', 'لاب توب', 2, '234000.00', '2340.00', '0.00', '234.00', '10%', '2574.00', 'غير مدفوعة', 2, 'oooooooooooooo', NULL, NULL, '2023-10-30 03:54:18', '2023-10-30 03:54:18'),
(27, '231', '2023-10-30', '2023-12-27', 'موبايل سامسونج', 1, '123456.00', '1224.00', '0.00', '61.20', '5%', '1285.20', 'غير مدفوعة', 2, 'iiiiiiiiiiii', NULL, NULL, '2023-10-30 03:56:06', '2023-10-30 03:56:06'),
(28, '453', '2023-10-30', '2024-01-21', 'موبايل سامسونج', 1, '453000.00', '45000.00', '0.00', '2250.00', '5%', '47250.00', 'غير مدفوعة', 2, 'ppppppp', NULL, NULL, '2023-10-30 03:58:45', '2023-10-30 03:58:45'),
(29, '678', '2023-10-30', '2023-10-31', 'موبايل سامسونج', 1, '78900.00', '7800.00', '0.00', '780.00', '10%', '8580.00', 'غير مدفوعة', 2, '00000;;;;;;;;;;;;', NULL, NULL, '2023-10-30 04:00:23', '2023-10-30 04:00:23');

-- --------------------------------------------------------

--
-- بنية الجدول `invoice_attachments`
--

CREATE TABLE `invoice_attachments` (
  `id` bigint(20) UNSIGNED NOT NULL,
  `file_name` varchar(999) COLLATE utf8mb4_unicode_ci NOT NULL,
  `invoice_number` varchar(50) COLLATE utf8mb4_unicode_ci NOT NULL,
  `Created_by` varchar(999) COLLATE utf8mb4_unicode_ci NOT NULL,
  `invoice_id` bigint(20) UNSIGNED DEFAULT NULL,
  `deleted_at` timestamp NULL DEFAULT NULL,
  `created_at` timestamp NULL DEFAULT NULL,
  `updated_at` timestamp NULL DEFAULT NULL
) ENGINE=InnoDB DEFAULT CHARSET=utf8mb4 COLLATE=utf8mb4_unicode_ci;

--
-- إرجاع أو استيراد بيانات الجدول `invoice_attachments`
--

INSERT INTO `invoice_attachments` (`id`, `file_name`, `invoice_number`, `Created_by`, `invoice_id`, `deleted_at`, `created_at`, `updated_at`) VALUES
(1, 'التسويق الإلكتروني.pdf', '200', 'mahmoud', 1, NULL, '2023-10-21 16:48:23', '2023-10-21 16:48:23'),
(2, 'امتحان على الوحدة الأولى 1ع.pdf', '300', 'mahmoud', 2, NULL, '2023-10-25 09:55:24', '2023-10-25 09:55:24'),
(3, 'تسويق وتجارة إلكترونية.pdf', '500', 'mahmoud', 3, NULL, '2023-10-25 09:58:09', '2023-10-25 09:58:09'),
(4, 'محاسبة وزارة الــتــعــلــيــم الــعـالـي.pdf', '400', 'mahmoud', 4, NULL, '2023-10-25 09:59:46', '2023-10-25 09:59:46'),
(5, 'مراجعة انجليزي.pdf', '600', 'mahmoud', 5, NULL, '2023-10-25 10:00:35', '2023-10-25 10:00:35'),
(6, 'نظام معلومات شبكة المكتبات المصرية.pdf', '900', 'mahmoud', 6, NULL, '2023-10-25 10:02:45', '2023-10-25 10:02:45'),
(7, 'iii.pdf', '120', 'mahmoud', 7, NULL, '2023-10-25 10:03:47', '2023-10-25 10:03:47'),
(8, 'iii.pdf', '250', 'mahmoud', 8, NULL, '2023-10-25 10:04:42', '2023-10-25 10:04:42'),
(9, 'download.jfif', '180', 'mahmoud', 9, NULL, '2023-10-25 10:05:36', '2023-10-25 10:05:36'),
(10, 'mahmoudhoda.jpg', '350', 'mahmoud', 10, NULL, '2023-10-25 10:10:53', '2023-10-25 10:10:53'),
(11, 'IMG20201004150839.jpg', '128', 'mahmoud', 12, NULL, '2023-10-28 22:05:04', '2023-10-28 22:05:04'),
(12, 'iii.pdf', '700', 'mahmoud', 13, NULL, '2023-10-28 22:08:05', '2023-10-28 22:08:05'),
(13, 'IMG_٢٠٢٠٠٩٢٩_١٤٤٣٣٩_٢.jpg', '140', 'mahmoud', 14, NULL, '2023-10-28 22:09:11', '2023-10-28 22:09:11'),
(14, 'download.jfif', '830', 'mahmoud', 15, NULL, '2023-10-28 22:20:44', '2023-10-28 22:20:44'),
(15, 'IMG20201004150839.jpg', '790', 'mahmoud', 16, NULL, '2023-10-28 22:21:36', '2023-10-28 22:21:36'),
(16, 'fca6b994-0acc-4590-86ac-d9580bd8ecf7.jpg', '560', 'hoda', 17, NULL, '2023-10-28 23:40:41', '2023-10-28 23:40:41'),
(17, '6fb83a1d-1fa1-4435-b6da-31b73482909d.jpg', '890', 'hoda', 18, NULL, '2023-10-28 23:43:11', '2023-10-28 23:43:11'),
(18, '77415f32-7415-440f-8ab9-2297b3b938f0.jpg', '970', 'hoda', 19, NULL, '2023-10-28 23:57:46', '2023-10-28 23:57:46'),
(19, '8c45f2b2-28e9-4cba-a324-9cc5ca8a3379.jpg', '992', 'hoda', 20, NULL, '2023-10-29 00:02:45', '2023-10-29 00:02:45'),
(20, '77415f32-7415-440f-8ab9-2297b3b938f0.jpg', '870', 'hoda', 21, NULL, '2023-10-29 00:40:48', '2023-10-29 00:40:48'),
(21, '0831414c-469c-4303-b492-e4c96dd3d118.jpg', '370', 'mahmoud', 22, NULL, '2023-10-30 03:46:16', '2023-10-30 03:46:16'),
(22, 'b69a8380-f9c0-4fba-a5c8-1ca7618c0eab.jpg', '1280', 'mahmoud', 23, NULL, '2023-10-30 03:47:19', '2023-10-30 03:47:19'),
(23, '6fb83a1d-1fa1-4435-b6da-31b73482909d.jpg', '346', 'mahmoud', 24, NULL, '2023-10-30 03:51:34', '2023-10-30 03:51:34'),
(24, '5d0b5504-18bd-4391-b9b0-cd7a2ccd97ca.jpg', '235', 'hoda', 25, NULL, '2023-10-30 03:53:24', '2023-10-30 03:53:24'),
(25, 'iii.pdf', '2800', 'hoda', 26, NULL, '2023-10-30 03:54:18', '2023-10-30 03:54:18'),
(26, 'التسويق الإلكتروني.pdf', '231', 'hoda', 27, NULL, '2023-10-30 03:56:06', '2023-10-30 03:56:06'),
(27, 'IMG_٢٠٢٠١٠٠١_١٥٢٤٥٧_١.jpg', '453', 'hoda', 28, NULL, '2023-10-30 03:58:45', '2023-10-30 03:58:45'),
(28, 'نظام معلومات شبكة المكتبات المصرية.pdf', '678', 'hoda', 29, NULL, '2023-10-30 04:00:23', '2023-10-30 04:00:23');

-- --------------------------------------------------------

--
-- بنية الجدول `invoice_details`
--

CREATE TABLE `invoice_details` (
  `id` bigint(20) UNSIGNED NOT NULL,
  `id_Invoice` bigint(20) UNSIGNED NOT NULL,
  `invoice_number` varchar(50) COLLATE utf8mb4_unicode_ci NOT NULL,
  `product` varchar(50) COLLATE utf8mb4_unicode_ci NOT NULL,
  `Section` bigint(20) UNSIGNED NOT NULL,
  `Status` varchar(50) COLLATE utf8mb4_unicode_ci NOT NULL,
  `Value_Status` int(11) NOT NULL,
  `Payment_Date` date DEFAULT NULL,
  `note` text COLLATE utf8mb4_unicode_ci DEFAULT NULL,
  `user` varchar(300) COLLATE utf8mb4_unicode_ci NOT NULL,
  `deleted_at` timestamp NULL DEFAULT NULL,
  `created_at` timestamp NULL DEFAULT NULL,
  `updated_at` timestamp NULL DEFAULT NULL
) ENGINE=InnoDB DEFAULT CHARSET=utf8mb4 COLLATE=utf8mb4_unicode_ci;

--
-- إرجاع أو استيراد بيانات الجدول `invoice_details`
--

INSERT INTO `invoice_details` (`id`, `id_Invoice`, `invoice_number`, `product`, `Section`, `Status`, `Value_Status`, `Payment_Date`, `note`, `user`, `deleted_at`, `created_at`, `updated_at`) VALUES
(1, 1, '200', 'هاتف جوال', 4, 'غير مدفوعة', 2, NULL, 'ااااااااااااااااااااااااااااااااااااا', 'mahmoud', NULL, '2023-10-21 16:48:23', '2023-10-21 16:48:23'),
(2, 2, '300', 'موبايل سامسونج', 1, 'غير مدفوعة', 2, NULL, 'iiiiiiiiiiiiiiiiiiiiiiii', 'mahmoud', NULL, '2023-10-25 09:55:24', '2023-10-25 09:55:24'),
(3, 3, '500', 'موبايل سامسونج', 1, 'غير مدفوعة', 2, NULL, 'ooooooooo', 'mahmoud', NULL, '2023-10-25 09:58:09', '2023-10-25 09:58:09'),
(4, 4, '400', 'هاتف جوال', 4, 'غير مدفوعة', 2, NULL, 'ooooooooo', 'mahmoud', NULL, '2023-10-25 09:59:46', '2023-10-25 09:59:46'),
(5, 5, '600', 'موبايل سامسونج', 1, 'غير مدفوعة', 2, NULL, 'hhhhh', 'mahmoud', NULL, '2023-10-25 10:00:35', '2023-10-25 10:00:35'),
(6, 6, '900', 'تليفون مصري', 3, 'غير مدفوعة', 2, NULL, 'oooooooo', 'mahmoud', NULL, '2023-10-25 10:02:45', '2023-10-25 10:02:45'),
(7, 7, '120', 'لاب توب', 2, 'غير مدفوعة', 2, NULL, 'kkkkkkkkkk', 'mahmoud', NULL, '2023-10-25 10:03:47', '2023-10-25 10:03:47'),
(8, 8, '250', 'لاب توب', 2, 'غير مدفوعة', 2, NULL, 'oooooooooooooo', 'mahmoud', NULL, '2023-10-25 10:04:42', '2023-10-25 10:04:42'),
(9, 9, '180', 'لاب توب جامد', 4, 'غير مدفوعة', 2, NULL, 'aaaaaaa', 'mahmoud', NULL, '2023-10-25 10:05:36', '2023-10-25 10:05:36'),
(10, 10, '350', 'لاب توب', 2, 'غير مدفوعة', 2, NULL, 'jjjjjjjjj', 'mahmoud', NULL, '2023-10-25 10:10:53', '2023-10-25 10:10:53'),
(11, 2, '300', 'موبايل سامسونج', 1, 'مدفوعة', 1, '2023-12-31', 'iiiiiiiiiiiiiiiiiiiiiiii', 'mahmoud', NULL, '2023-10-25 10:13:04', '2023-10-25 10:13:04'),
(12, 4, '400', 'هاتف جوال', 4, 'مدفوعة', 1, '2023-12-17', 'ooooooooo', 'mahmoud', NULL, '2023-10-25 10:13:23', '2023-10-25 10:13:23'),
(13, 5, '600', 'موبايل سامسونج', 1, 'مدفوعة جزئيا', 3, '2024-01-10', 'hhhhh', 'mahmoud', NULL, '2023-10-25 10:13:46', '2023-10-25 10:13:46'),
(14, 6, '900', 'تليفون مصري', 3, 'مدفوعة جزئيا', 3, '2024-02-18', 'oooooooo', 'mahmoud', NULL, '2023-10-25 10:14:06', '2023-10-25 10:14:06'),
(15, 1, '200', 'هاتف جوال', 4, 'مدفوعة', 1, '2023-11-20', 'ااااااااااااااااااااااااااااااااااااا', 'mahmoud', NULL, '2023-10-28 20:39:07', '2023-10-28 20:39:07'),
(16, 7, '120', 'لاب توب', 2, 'مدفوعة جزئيا', 3, '2023-12-31', 'kkkkkkkkkk', 'mahmoud', NULL, '2023-10-28 20:39:28', '2023-10-28 20:39:28'),
(17, 3, '500', 'موبايل سامسونج', 1, 'مدفوعة جزئيا', 3, '2023-12-26', 'ooooooooo', 'mahmoud', NULL, '2023-10-28 20:43:33', '2023-10-28 20:43:33'),
(18, 12, '128', 'لاب توب جامد', 4, 'غير مدفوعة', 2, NULL, 'iiiiiiiiii', 'mahmoud', NULL, '2023-10-28 22:05:04', '2023-10-28 22:05:04'),
(19, 13, '700', 'تليفون مصري', 3, 'غير مدفوعة', 2, NULL, 'llllll', 'mahmoud', NULL, '2023-10-28 22:08:05', '2023-10-28 22:08:05'),
(20, 14, '140', 'لاب توب', 2, 'غير مدفوعة', 2, NULL, 'iiiiiiiiiiiiiiiiii', 'mahmoud', NULL, '2023-10-28 22:09:11', '2023-10-28 22:09:11'),
(21, 15, '830', 'لاب توب', 2, 'غير مدفوعة', 2, NULL, 'oooo', 'mahmoud', NULL, '2023-10-28 22:20:44', '2023-10-28 22:20:44'),
(22, 16, '790', 'تليفون مصري', 3, 'غير مدفوعة', 2, NULL, 'oooooooo', 'mahmoud', NULL, '2023-10-28 22:21:36', '2023-10-28 22:21:36'),
(23, 17, '560', 'تليفون مصري', 3, 'غير مدفوعة', 2, NULL, 'pppppppppppppppp', 'hoda', NULL, '2023-10-28 23:40:41', '2023-10-28 23:40:41'),
(24, 18, '890', 'تليفون مصري', 3, 'غير مدفوعة', 2, NULL, 'kkkkkkkk', 'hoda', NULL, '2023-10-28 23:43:11', '2023-10-28 23:43:11'),
(25, 19, '970', 'موبايل سامسونج', 1, 'غير مدفوعة', 2, NULL, 'oooooooo', 'hoda', NULL, '2023-10-28 23:57:46', '2023-10-28 23:57:46'),
(26, 20, '992', 'لاب توب', 2, 'غير مدفوعة', 2, NULL, 'oooo', 'hoda', NULL, '2023-10-29 00:02:45', '2023-10-29 00:02:45'),
(27, 21, '870', 'موبايل سامسونج', 1, 'غير مدفوعة', 2, NULL, 'pppp', 'hoda', NULL, '2023-10-29 00:40:48', '2023-10-29 00:40:48'),
(28, 8, '250', 'لاب توب', 2, 'مدفوعة', 1, '2023-10-31', 'oooooooooooooo', 'mahmoud', NULL, '2023-10-29 01:05:01', '2023-10-29 01:05:01'),
(29, 9, '180', 'لاب توب جامد', 4, 'مدفوعة', 1, '2023-10-31', 'aaaaaaa', 'mahmoud', NULL, '2023-10-29 01:05:14', '2023-10-29 01:05:14'),
(30, 10, '350', 'لاب توب', 2, 'مدفوعة', 1, '2023-10-31', 'jjjjjjjjj', 'mahmoud', NULL, '2023-10-29 01:05:29', '2023-10-29 01:05:29'),
(31, 12, '128', 'لاب توب جامد', 4, 'مدفوعة جزئيا', 3, '2023-10-31', 'iiiiiiiiii', 'mahmoud', NULL, '2023-10-29 01:06:16', '2023-10-29 01:06:16'),
(32, 20, '992', 'لاب توب', 2, 'مدفوعة', 1, '2023-12-01', 'oooo', 'mahmoud', NULL, '2023-10-30 03:43:43', '2023-10-30 03:43:43'),
(33, 18, '890', 'تليفون مصري', 3, 'مدفوعة جزئيا', 3, '2024-01-28', 'kkkkkkkk', 'mahmoud', NULL, '2023-10-30 03:44:18', '2023-10-30 03:44:18'),
(34, 14, '140', 'لاب توب', 2, 'مدفوعة جزئيا', 3, '2023-10-31', 'iiiiiiiiiiiiiiiiii', 'mahmoud', NULL, '2023-10-30 03:45:07', '2023-10-30 03:45:07'),
(35, 22, '370', 'لاب توب', 2, 'غير مدفوعة', 2, NULL, 'oooooo', 'mahmoud', NULL, '2023-10-30 03:46:16', '2023-10-30 03:46:16'),
(36, 23, '1280', 'موبايل سامسونج', 1, 'غير مدفوعة', 2, NULL, 'uuuuuu', 'mahmoud', NULL, '2023-10-30 03:47:19', '2023-10-30 03:47:19'),
(37, 24, '346', 'هاتف جوال', 4, 'غير مدفوعة', 2, NULL, 'ppppppppppppppp', 'mahmoud', NULL, '2023-10-30 03:51:34', '2023-10-30 03:51:34'),
(38, 25, '235', 'موبايل سامسونج', 1, 'غير مدفوعة', 2, NULL, 'llllllllllll', 'hoda', NULL, '2023-10-30 03:53:24', '2023-10-30 03:53:24'),
(39, 26, '2800', 'لاب توب', 2, 'غير مدفوعة', 2, NULL, 'oooooooooooooo', 'hoda', NULL, '2023-10-30 03:54:18', '2023-10-30 03:54:18'),
(40, 27, '231', 'موبايل سامسونج', 1, 'غير مدفوعة', 2, NULL, 'iiiiiiiiiiii', 'hoda', NULL, '2023-10-30 03:56:06', '2023-10-30 03:56:06'),
(41, 28, '453', 'موبايل سامسونج', 1, 'غير مدفوعة', 2, NULL, 'ppppppp', 'hoda', NULL, '2023-10-30 03:58:45', '2023-10-30 03:58:45'),
(42, 29, '678', 'موبايل سامسونج', 1, 'غير مدفوعة', 2, NULL, '00000;;;;;;;;;;;;', 'hoda', NULL, '2023-10-30 04:00:23', '2023-10-30 04:00:23'),
(43, 17, '560', 'تليفون مصري', 3, 'مدفوعة جزئيا', 3, '2023-12-03', 'pppppppppppppppp', 'mahmoud', NULL, '2023-10-30 07:48:12', '2023-10-30 07:48:12'),
(44, 19, '970', 'موبايل سامسونج', 1, 'مدفوعة جزئيا', 3, '2023-10-31', 'oooooooo', 'mahmoud', NULL, '2023-10-30 07:48:30', '2023-10-30 07:48:30'),
(45, 15, '830', 'لاب توب', 2, 'مدفوعة', 1, '2023-10-31', 'oooo', 'mahmoud', NULL, '2023-10-30 07:48:47', '2023-10-30 07:48:47'),
(46, 16, '790', 'تليفون مصري', 3, 'مدفوعة', 1, '2023-10-31', 'oooooooo', 'mahmoud', NULL, '2023-10-30 07:49:11', '2023-10-30 07:49:11'),
(47, 13, '700', 'تليفون مصري', 3, 'مدفوعة جزئيا', 3, '2023-10-31', 'llllll', 'mahmoud', NULL, '2023-10-30 07:49:42', '2023-10-30 07:49:42');

-- --------------------------------------------------------

--
-- بنية الجدول `migrations`
--

CREATE TABLE `migrations` (
  `id` int(10) UNSIGNED NOT NULL,
  `migration` varchar(255) COLLATE utf8mb4_unicode_ci NOT NULL,
  `batch` int(11) NOT NULL
) ENGINE=InnoDB DEFAULT CHARSET=utf8mb4 COLLATE=utf8mb4_unicode_ci;

--
-- إرجاع أو استيراد بيانات الجدول `migrations`
--

INSERT INTO `migrations` (`id`, `migration`, `batch`) VALUES
(1, '2014_10_12_000000_create_users_table', 1),
(2, '2014_10_12_100000_create_password_resets_table', 1),
(3, '2019_08_19_000000_create_failed_jobs_table', 1),
(4, '2019_12_14_000001_create_personal_access_tokens_table', 1),
(5, '2023_10_10_192529_create_sections_table', 1),
(6, '2023_10_11_025630_create_products_table', 1),
(7, '2023_10_11_174704_create_invoice_attachments_table', 1),
(8, '2023_10_11_174752_create_invoice_details_table', 1),
(9, '2023_10_14_204525_create_invoices_table', 1),
(10, '2023_10_20_021154_create_permission_tables', 1),
(11, '2023_10_25_212548_create_notifications_table', 2);

-- --------------------------------------------------------

--
-- بنية الجدول `model_has_permissions`
--

CREATE TABLE `model_has_permissions` (
  `permission_id` bigint(20) UNSIGNED NOT NULL,
  `model_type` varchar(255) COLLATE utf8mb4_unicode_ci NOT NULL,
  `model_id` bigint(20) UNSIGNED NOT NULL
) ENGINE=InnoDB DEFAULT CHARSET=utf8mb4 COLLATE=utf8mb4_unicode_ci;

-- --------------------------------------------------------

--
-- بنية الجدول `model_has_roles`
--

CREATE TABLE `model_has_roles` (
  `role_id` bigint(20) UNSIGNED NOT NULL,
  `model_type` varchar(255) COLLATE utf8mb4_unicode_ci NOT NULL,
  `model_id` bigint(20) UNSIGNED NOT NULL
) ENGINE=InnoDB DEFAULT CHARSET=utf8mb4 COLLATE=utf8mb4_unicode_ci;

--
-- إرجاع أو استيراد بيانات الجدول `model_has_roles`
--

INSERT INTO `model_has_roles` (`role_id`, `model_type`, `model_id`) VALUES
(5, 'App\\Models\\User', 5),
(11, 'App\\Models\\User', 6);

-- --------------------------------------------------------

--
-- بنية الجدول `notifications`
--

CREATE TABLE `notifications` (
  `id` char(36) COLLATE utf8mb4_unicode_ci NOT NULL,
  `type` varchar(255) COLLATE utf8mb4_unicode_ci NOT NULL,
  `notifiable_type` varchar(255) COLLATE utf8mb4_unicode_ci NOT NULL,
  `notifiable_id` bigint(20) UNSIGNED NOT NULL,
  `data` text COLLATE utf8mb4_unicode_ci NOT NULL,
  `read_at` timestamp NULL DEFAULT NULL,
  `created_at` timestamp NULL DEFAULT NULL,
  `updated_at` timestamp NULL DEFAULT NULL
) ENGINE=InnoDB DEFAULT CHARSET=utf8mb4 COLLATE=utf8mb4_unicode_ci;

--
-- إرجاع أو استيراد بيانات الجدول `notifications`
--

INSERT INTO `notifications` (`id`, `type`, `notifiable_type`, `notifiable_id`, `data`, `read_at`, `created_at`, `updated_at`) VALUES
('044fb3e1-8180-4937-a803-06aaade81ea6', 'App\\Notifications\\Add_invoice_new', 'App\\Models\\User', 6, '{\"id\":20,\"title\":\"\\u062a\\u0645 \\u0627\\u0636\\u0627\\u0641\\u0629 \\u0641\\u0627\\u062a\\u0648\\u0631\\u0629 \\u062c\\u062f\\u064a\\u062f \\u0628\\u0648\\u0627\\u0633\\u0637\\u0629 :\",\"user\":\"hoda\"}', '2023-10-30 05:38:00', '2023-10-29 00:02:45', '2023-10-29 00:03:15'),
('131fd451-5d23-40e2-9d4b-118dee6c84fc', 'App\\Notifications\\Add_invoice_new', 'App\\Models\\User', 6, '{\"id\":26,\"title\":\"\\u062a\\u0645 \\u0627\\u0636\\u0627\\u0641\\u0629 \\u0641\\u0627\\u062a\\u0648\\u0631\\u0629 \\u062c\\u062f\\u064a\\u062f \\u0628\\u0648\\u0627\\u0633\\u0637\\u0629 :\",\"user\":\"hoda\"}', '2023-10-30 05:24:16', '2023-10-30 03:54:18', '2023-10-30 03:54:18'),
('15024a0e-2225-47b3-9c15-175ff5158061', 'App\\Notifications\\Add_invoice_new', 'App\\Models\\User', 5, '{\"id\":26,\"title\":\"\\u062a\\u0645 \\u0627\\u0636\\u0627\\u0641\\u0629 \\u0641\\u0627\\u062a\\u0648\\u0631\\u0629 \\u062c\\u062f\\u064a\\u062f \\u0628\\u0648\\u0627\\u0633\\u0637\\u0629 :\",\"user\":\"hoda\"}', NULL, '2023-10-30 03:54:18', '2023-10-30 03:54:18'),
('19662c65-9496-4082-a176-975a60f952db', 'App\\Notifications\\Add_invoice_new', 'App\\Models\\User', 6, '{\"id\":27,\"title\":\"\\u062a\\u0645 \\u0627\\u0636\\u0627\\u0641\\u0629 \\u0641\\u0627\\u062a\\u0648\\u0631\\u0629 \\u062c\\u062f\\u064a\\u062f \\u0628\\u0648\\u0627\\u0633\\u0637\\u0629 :\",\"user\":\"hoda\"}', '2023-10-30 05:24:16', '2023-10-30 03:56:06', '2023-10-30 03:56:06'),
('229fcd17-4dcd-4e79-b8eb-64f77de9120e', 'App\\Notifications\\Add_invoice_new', 'App\\Models\\User', 6, '{\"id\":16,\"title\":\"\\u062a\\u0645 \\u0627\\u0636\\u0627\\u0641\\u0629 \\u0641\\u0627\\u062a\\u0648\\u0631\\u0629 \\u062c\\u062f\\u064a\\u062f \\u0628\\u0648\\u0627\\u0633\\u0637\\u0629 :\",\"user\":\"mahmoud\"}', '2023-10-30 05:24:16', '2023-10-28 22:21:36', '2023-10-28 23:20:39'),
('24760a6c-7f65-49e7-a08d-5b5e9c093c09', 'App\\Notifications\\Add_invoice_new', 'App\\Models\\User', 5, '{\"id\":18,\"title\":\"\\u062a\\u0645 \\u0627\\u0636\\u0627\\u0641\\u0629 \\u0641\\u0627\\u062a\\u0648\\u0631\\u0629 \\u062c\\u062f\\u064a\\u062f \\u0628\\u0648\\u0627\\u0633\\u0637\\u0629 :\",\"user\":\"hoda\"}', '2023-10-30 01:30:37', '2023-10-28 23:43:11', '2023-10-29 00:59:55'),
('2b2578ce-f330-4f32-ae5b-58f7725d29f4', 'App\\Notifications\\Add_invoice_new', 'App\\Models\\User', 5, '{\"id\":17,\"title\":\"\\u062a\\u0645 \\u0627\\u0636\\u0627\\u0641\\u0629 \\u0641\\u0627\\u062a\\u0648\\u0631\\u0629 \\u062c\\u062f\\u064a\\u062f \\u0628\\u0648\\u0627\\u0633\\u0637\\u0629 :\",\"user\":\"hoda\"}', '2023-10-30 01:30:37', '2023-10-28 23:40:41', '2023-10-29 01:00:08'),
('2b9cd150-dab4-4398-a0e4-53222d241e9d', 'App\\Notifications\\Add_invoice_new', 'App\\Models\\User', 5, '{\"id\":22,\"title\":\"\\u062a\\u0645 \\u0627\\u0636\\u0627\\u0641\\u0629 \\u0641\\u0627\\u062a\\u0648\\u0631\\u0629 \\u062c\\u062f\\u064a\\u062f \\u0628\\u0648\\u0627\\u0633\\u0637\\u0629 :\",\"user\":\"mahmoud\"}', NULL, '2023-10-30 03:46:16', '2023-10-30 03:46:16'),
('3619067d-985a-4dbc-a510-661048d2958d', 'App\\Notifications\\Add_invoice_new', 'App\\Models\\User', 5, '{\"id\":19,\"title\":\"\\u062a\\u0645 \\u0627\\u0636\\u0627\\u0641\\u0629 \\u0641\\u0627\\u062a\\u0648\\u0631\\u0629 \\u062c\\u062f\\u064a\\u062f \\u0628\\u0648\\u0627\\u0633\\u0637\\u0629 :\",\"user\":\"hoda\"}', '2023-10-30 01:30:37', '2023-10-28 23:57:46', '2023-10-29 00:59:45'),
('4b843a70-5269-4847-a4d0-df5349916ff9', 'App\\Notifications\\Add_invoice_new', 'App\\Models\\User', 5, '{\"id\":28,\"title\":\"\\u062a\\u0645 \\u0627\\u0636\\u0627\\u0641\\u0629 \\u0641\\u0627\\u062a\\u0648\\u0631\\u0629 \\u062c\\u062f\\u064a\\u062f \\u0628\\u0648\\u0627\\u0633\\u0637\\u0629 :\",\"user\":\"hoda\"}', NULL, '2023-10-30 03:58:45', '2023-10-30 03:58:45'),
('4def0b8f-393c-4823-b0c6-4aed4eec31b4', 'App\\Notifications\\Add_invoice_new', 'App\\Models\\User', 5, '{\"id\":23,\"title\":\"\\u062a\\u0645 \\u0627\\u0636\\u0627\\u0641\\u0629 \\u0641\\u0627\\u062a\\u0648\\u0631\\u0629 \\u062c\\u062f\\u064a\\u062f \\u0628\\u0648\\u0627\\u0633\\u0637\\u0629 :\",\"user\":\"mahmoud\"}', NULL, '2023-10-30 03:47:19', '2023-10-30 03:47:19'),
('5e2f6e44-11c2-4558-8b01-a1a00fe0efc2', 'App\\Notifications\\Add_invoice_new', 'App\\Models\\User', 6, '{\"id\":25,\"title\":\"\\u062a\\u0645 \\u0627\\u0636\\u0627\\u0641\\u0629 \\u0641\\u0627\\u062a\\u0648\\u0631\\u0629 \\u062c\\u062f\\u064a\\u062f \\u0628\\u0648\\u0627\\u0633\\u0637\\u0629 :\",\"user\":\"hoda\"}', '2023-10-30 04:04:41', '2023-10-30 03:53:24', '2023-10-30 03:53:24'),
('8cc1358a-0d42-47ef-a925-9dd6ec822171', 'App\\Notifications\\Add_invoice_new', 'App\\Models\\User', 6, '{\"id\":19,\"title\":\"\\u062a\\u0645 \\u0627\\u0636\\u0627\\u0641\\u0629 \\u0641\\u0627\\u062a\\u0648\\u0631\\u0629 \\u062c\\u062f\\u064a\\u062f \\u0628\\u0648\\u0627\\u0633\\u0637\\u0629 :\",\"user\":\"hoda\"}', '2023-10-30 03:16:19', '2023-10-28 23:57:46', '2023-10-28 23:57:54'),
('8ed6d7ef-f190-4aea-84f4-eeb5f68e1ff4', 'App\\Notifications\\Add_invoice_new', 'App\\Models\\User', 5, '{\"id\":24,\"title\":\"\\u062a\\u0645 \\u0627\\u0636\\u0627\\u0641\\u0629 \\u0641\\u0627\\u062a\\u0648\\u0631\\u0629 \\u062c\\u062f\\u064a\\u062f \\u0628\\u0648\\u0627\\u0633\\u0637\\u0629 :\",\"user\":\"mahmoud\"}', NULL, '2023-10-30 03:51:34', '2023-10-30 03:51:34'),
('8f9069ee-27ec-4cc2-b812-ec5c4887fcb3', 'App\\Notifications\\Add_invoice_new', 'App\\Models\\User', 6, '{\"id\":21,\"title\":\"\\u062a\\u0645 \\u0627\\u0636\\u0627\\u0641\\u0629 \\u0641\\u0627\\u062a\\u0648\\u0631\\u0629 \\u062c\\u062f\\u064a\\u062f \\u0628\\u0648\\u0627\\u0633\\u0637\\u0629 :\",\"user\":\"hoda\"}', '2023-10-30 03:28:35', '2023-10-29 00:40:48', '2023-10-29 00:40:57'),
('9d5985b8-41a4-407a-8204-6094f51e1a9b', 'App\\Notifications\\Add_invoice_new', 'App\\Models\\User', 6, '{\"id\":17,\"title\":\"\\u062a\\u0645 \\u0627\\u0636\\u0627\\u0641\\u0629 \\u0641\\u0627\\u062a\\u0648\\u0631\\u0629 \\u062c\\u062f\\u064a\\u062f \\u0628\\u0648\\u0627\\u0633\\u0637\\u0629 :\",\"user\":\"hoda\"}', '2023-10-30 03:19:58', '2023-10-28 23:40:41', '2023-10-28 23:40:48'),
('9da5fa8e-4b29-4514-b1f1-8aad49096e00', 'App\\Notifications\\Add_invoice_new', 'App\\Models\\User', 5, '{\"id\":29,\"title\":\"\\u062a\\u0645 \\u0627\\u0636\\u0627\\u0641\\u0629 \\u0641\\u0627\\u062a\\u0648\\u0631\\u0629 \\u062c\\u062f\\u064a\\u062f \\u0628\\u0648\\u0627\\u0633\\u0637\\u0629 :\",\"user\":\"hoda\"}', NULL, '2023-10-30 04:00:23', '2023-10-30 04:00:23'),
('a2b79c33-0f57-4e4b-9913-313cf5cadce6', 'App\\Notifications\\Add_invoice_new', 'App\\Models\\User', 6, '{\"id\":28,\"title\":\"\\u062a\\u0645 \\u0627\\u0636\\u0627\\u0641\\u0629 \\u0641\\u0627\\u062a\\u0648\\u0631\\u0629 \\u062c\\u062f\\u064a\\u062f \\u0628\\u0648\\u0627\\u0633\\u0637\\u0629 :\",\"user\":\"hoda\"}', '2023-10-30 04:04:41', '2023-10-30 03:58:45', '2023-10-30 03:58:45'),
('a8ce08de-f289-4e32-975f-d7ad4fe1e2e0', 'App\\Notifications\\Add_invoice_new', 'App\\Models\\User', 6, '{\"id\":24,\"title\":\"\\u062a\\u0645 \\u0627\\u0636\\u0627\\u0641\\u0629 \\u0641\\u0627\\u062a\\u0648\\u0631\\u0629 \\u062c\\u062f\\u064a\\u062f \\u0628\\u0648\\u0627\\u0633\\u0637\\u0629 :\",\"user\":\"mahmoud\"}', '2023-10-30 04:04:41', '2023-10-30 03:51:34', '2023-10-30 03:51:34'),
('b1bc6419-21df-4cd9-9c5f-7e5f0ca47f73', 'App\\Notifications\\Add_invoice_new', 'App\\Models\\User', 5, '{\"id\":21,\"title\":\"\\u062a\\u0645 \\u0627\\u0636\\u0627\\u0641\\u0629 \\u0641\\u0627\\u062a\\u0648\\u0631\\u0629 \\u062c\\u062f\\u064a\\u062f \\u0628\\u0648\\u0627\\u0633\\u0637\\u0629 :\",\"user\":\"hoda\"}', '2023-10-30 01:30:37', '2023-10-29 00:40:48', '2023-10-29 00:57:52'),
('bcba6ce9-10be-4112-9b07-3728375193a6', 'App\\Notifications\\Add_invoice_new', 'App\\Models\\User', 5, '{\"id\":16,\"title\":\"\\u062a\\u0645 \\u0627\\u0636\\u0627\\u0641\\u0629 \\u0641\\u0627\\u062a\\u0648\\u0631\\u0629 \\u062c\\u062f\\u064a\\u062f \\u0628\\u0648\\u0627\\u0633\\u0637\\u0629 :\",\"user\":\"mahmoud\"}', '2023-10-30 01:30:37', '2023-10-28 22:21:36', '2023-10-28 23:14:57'),
('c9fde174-db19-49e4-a7d3-e8a11611c258', 'App\\Notifications\\Add_invoice_new', 'App\\Models\\User', 5, '{\"id\":25,\"title\":\"\\u062a\\u0645 \\u0627\\u0636\\u0627\\u0641\\u0629 \\u0641\\u0627\\u062a\\u0648\\u0631\\u0629 \\u062c\\u062f\\u064a\\u062f \\u0628\\u0648\\u0627\\u0633\\u0637\\u0629 :\",\"user\":\"hoda\"}', NULL, '2023-10-30 03:53:24', '2023-10-30 03:53:24'),
('cb025454-1362-4153-b366-f77357c5bc7b', 'App\\Notifications\\Add_invoice_new', 'App\\Models\\User', 5, '{\"id\":20,\"title\":\"\\u062a\\u0645 \\u0627\\u0636\\u0627\\u0641\\u0629 \\u0641\\u0627\\u062a\\u0648\\u0631\\u0629 \\u062c\\u062f\\u064a\\u062f \\u0628\\u0648\\u0627\\u0633\\u0637\\u0629 :\",\"user\":\"hoda\"}', '2023-10-30 01:30:37', '2023-10-29 00:02:45', '2023-10-29 00:58:46'),
('cb7d6080-5d26-4898-adb1-01228086aa0c', 'App\\Notifications\\Add_invoice_new', 'App\\Models\\User', 5, '{\"id\":27,\"title\":\"\\u062a\\u0645 \\u0627\\u0636\\u0627\\u0641\\u0629 \\u0641\\u0627\\u062a\\u0648\\u0631\\u0629 \\u062c\\u062f\\u064a\\u062f \\u0628\\u0648\\u0627\\u0633\\u0637\\u0629 :\",\"user\":\"hoda\"}', NULL, '2023-10-30 03:56:06', '2023-10-30 03:56:06'),
('e560dec4-5541-488e-8e31-79ccac89e6ff', 'App\\Notifications\\Add_invoice_new', 'App\\Models\\User', 6, '{\"id\":18,\"title\":\"\\u062a\\u0645 \\u0627\\u0636\\u0627\\u0641\\u0629 \\u0641\\u0627\\u062a\\u0648\\u0631\\u0629 \\u062c\\u062f\\u064a\\u062f \\u0628\\u0648\\u0627\\u0633\\u0637\\u0629 :\",\"user\":\"hoda\"}', '2023-10-30 03:13:35', '2023-10-28 23:43:11', '2023-10-28 23:43:16'),
('e755ac5c-819c-4cf6-8b3c-83166c2f4894', 'App\\Notifications\\Add_invoice_new', 'App\\Models\\User', 6, '{\"id\":22,\"title\":\"\\u062a\\u0645 \\u0627\\u0636\\u0627\\u0641\\u0629 \\u0641\\u0627\\u062a\\u0648\\u0631\\u0629 \\u062c\\u062f\\u064a\\u062f \\u0628\\u0648\\u0627\\u0633\\u0637\\u0629 :\",\"user\":\"mahmoud\"}', '2023-10-30 04:04:41', '2023-10-30 03:46:16', '2023-10-30 03:46:16'),
('f2ce3eeb-f8cb-4bf0-8122-86baf09a990e', 'App\\Notifications\\Add_invoice_new', 'App\\Models\\User', 6, '{\"id\":29,\"title\":\"\\u062a\\u0645 \\u0627\\u0636\\u0627\\u0641\\u0629 \\u0641\\u0627\\u062a\\u0648\\u0631\\u0629 \\u062c\\u062f\\u064a\\u062f \\u0628\\u0648\\u0627\\u0633\\u0637\\u0629 :\",\"user\":\"hoda\"}', '2023-10-30 04:04:41', '2023-10-30 04:00:23', '2023-10-30 04:00:23'),
('f41f3f1e-0558-4f1b-9148-75186ff34506', 'App\\Notifications\\Add_invoice_new', 'App\\Models\\User', 6, '{\"id\":23,\"title\":\"\\u062a\\u0645 \\u0627\\u0636\\u0627\\u0641\\u0629 \\u0641\\u0627\\u062a\\u0648\\u0631\\u0629 \\u062c\\u062f\\u064a\\u062f \\u0628\\u0648\\u0627\\u0633\\u0637\\u0629 :\",\"user\":\"mahmoud\"}', '2023-10-30 04:04:41', '2023-10-30 03:47:19', '2023-10-30 03:47:19');

-- --------------------------------------------------------

--
-- بنية الجدول `password_resets`
--

CREATE TABLE `password_resets` (
  `email` varchar(255) COLLATE utf8mb4_unicode_ci NOT NULL,
  `token` varchar(255) COLLATE utf8mb4_unicode_ci NOT NULL,
  `created_at` timestamp NULL DEFAULT NULL
) ENGINE=InnoDB DEFAULT CHARSET=utf8mb4 COLLATE=utf8mb4_unicode_ci;

-- --------------------------------------------------------

--
-- بنية الجدول `permissions`
--

CREATE TABLE `permissions` (
  `id` bigint(20) UNSIGNED NOT NULL,
  `name` varchar(255) COLLATE utf8mb4_unicode_ci NOT NULL,
  `guard_name` varchar(255) COLLATE utf8mb4_unicode_ci NOT NULL,
  `created_at` timestamp NULL DEFAULT NULL,
  `updated_at` timestamp NULL DEFAULT NULL
) ENGINE=InnoDB DEFAULT CHARSET=utf8mb4 COLLATE=utf8mb4_unicode_ci;

--
-- إرجاع أو استيراد بيانات الجدول `permissions`
--

INSERT INTO `permissions` (`id`, `name`, `guard_name`, `created_at`, `updated_at`) VALUES
(1, 'الفواتير', 'web', '2023-10-21 16:41:57', '2023-10-21 16:41:57'),
(2, 'قائمة الفواتير', 'web', '2023-10-21 16:41:57', '2023-10-21 16:41:57'),
(3, 'الفواتير المدفوعة', 'web', '2023-10-21 16:41:57', '2023-10-21 16:41:57'),
(4, 'الفواتير المدفوعة جزئيا', 'web', '2023-10-21 16:41:57', '2023-10-21 16:41:57'),
(5, 'الفواتير الغير مدفوعة', 'web', '2023-10-21 16:41:57', '2023-10-21 16:41:57'),
(6, 'ارشيف الفواتير', 'web', '2023-10-21 16:41:57', '2023-10-21 16:41:57'),
(7, 'التقارير', 'web', '2023-10-21 16:41:57', '2023-10-21 16:41:57'),
(8, 'تقرير الفواتير', 'web', '2023-10-21 16:41:58', '2023-10-21 16:41:58'),
(9, 'تقرير العملاء', 'web', '2023-10-21 16:41:58', '2023-10-21 16:41:58'),
(10, 'المستخدمين', 'web', '2023-10-21 16:41:58', '2023-10-21 16:41:58'),
(11, 'قائمة المستخدمين', 'web', '2023-10-21 16:41:58', '2023-10-21 16:41:58'),
(12, 'صلاحيات المستخدمين', 'web', '2023-10-21 16:41:58', '2023-10-21 16:41:58'),
(13, 'الاعدادات', 'web', '2023-10-21 16:41:58', '2023-10-21 16:41:58'),
(14, 'المنتجات', 'web', '2023-10-21 16:41:58', '2023-10-21 16:41:58'),
(15, 'الاقسام', 'web', '2023-10-21 16:41:58', '2023-10-21 16:41:58'),
(16, 'اضافة فاتورة', 'web', '2023-10-21 16:41:58', '2023-10-21 16:41:58'),
(17, 'حذف الفاتورة', 'web', '2023-10-21 16:41:58', '2023-10-21 16:41:58'),
(18, 'تصدير EXCEL', 'web', '2023-10-21 16:41:58', '2023-10-21 16:41:58'),
(19, 'تغير حالة الدفع', 'web', '2023-10-21 16:41:58', '2023-10-21 16:41:58'),
(20, 'تعديل الفاتورة', 'web', '2023-10-21 16:41:58', '2023-10-21 16:41:58'),
(21, 'ارشفة الفاتورة', 'web', '2023-10-21 16:41:58', '2023-10-21 16:41:58'),
(22, 'طباعةالفاتورة', 'web', '2023-10-21 16:41:58', '2023-10-21 16:41:58'),
(23, 'اضافة مرفق', 'web', '2023-10-21 16:41:58', '2023-10-21 16:41:58'),
(24, 'حذف المرفق', 'web', '2023-10-21 16:41:58', '2023-10-21 16:41:58'),
(25, 'اضافة مستخدم', 'web', '2023-10-21 16:41:58', '2023-10-21 16:41:58'),
(26, 'تعديل مستخدم', 'web', '2023-10-21 16:41:58', '2023-10-21 16:41:58'),
(27, 'حذف مستخدم', 'web', '2023-10-21 16:41:58', '2023-10-21 16:41:58'),
(28, 'عرض صلاحية', 'web', '2023-10-21 16:41:58', '2023-10-21 16:41:58'),
(29, 'اضافة صلاحية', 'web', '2023-10-21 16:41:58', '2023-10-21 16:41:58'),
(30, 'تعديل صلاحية', 'web', '2023-10-21 16:41:58', '2023-10-21 16:41:58'),
(31, 'حذف صلاحية', 'web', '2023-10-21 16:41:58', '2023-10-21 16:41:58'),
(32, 'اضافة منتج', 'web', '2023-10-21 16:41:58', '2023-10-21 16:41:58'),
(33, 'تعديل منتج', 'web', '2023-10-21 16:41:58', '2023-10-21 16:41:58'),
(34, 'حذف منتج', 'web', '2023-10-21 16:41:58', '2023-10-21 16:41:58'),
(35, 'اضافة قسم', 'web', '2023-10-21 16:41:58', '2023-10-21 16:41:58'),
(36, 'تعديل قسم', 'web', '2023-10-21 16:41:58', '2023-10-21 16:41:58'),
(37, 'حذف قسم', 'web', '2023-10-21 16:41:58', '2023-10-21 16:41:58'),
(38, 'الاشعارات', 'web', '2023-10-21 16:41:58', '2023-10-21 16:41:58');

-- --------------------------------------------------------

--
-- بنية الجدول `personal_access_tokens`
--

CREATE TABLE `personal_access_tokens` (
  `id` bigint(20) UNSIGNED NOT NULL,
  `tokenable_type` varchar(255) COLLATE utf8mb4_unicode_ci NOT NULL,
  `tokenable_id` bigint(20) UNSIGNED NOT NULL,
  `name` varchar(255) COLLATE utf8mb4_unicode_ci NOT NULL,
  `token` varchar(64) COLLATE utf8mb4_unicode_ci NOT NULL,
  `abilities` text COLLATE utf8mb4_unicode_ci DEFAULT NULL,
  `last_used_at` timestamp NULL DEFAULT NULL,
  `created_at` timestamp NULL DEFAULT NULL,
  `updated_at` timestamp NULL DEFAULT NULL
) ENGINE=InnoDB DEFAULT CHARSET=utf8mb4 COLLATE=utf8mb4_unicode_ci;

-- --------------------------------------------------------

--
-- بنية الجدول `products`
--

CREATE TABLE `products` (
  `id` bigint(20) UNSIGNED NOT NULL,
  `Product_name` varchar(999) COLLATE utf8mb4_unicode_ci NOT NULL,
  `description` text COLLATE utf8mb4_unicode_ci DEFAULT NULL,
  `section_id` bigint(20) UNSIGNED NOT NULL,
  `created_at` timestamp NULL DEFAULT NULL,
  `updated_at` timestamp NULL DEFAULT NULL
) ENGINE=InnoDB DEFAULT CHARSET=utf8mb4 COLLATE=utf8mb4_unicode_ci;

--
-- إرجاع أو استيراد بيانات الجدول `products`
--

INSERT INTO `products` (`id`, `Product_name`, `description`, `section_id`, `created_at`, `updated_at`) VALUES
(1, 'موبايل ريلمي', 'ههههههههههههه', 1, NULL, NULL),
(2, 'موبايل سامسونج', 'ههههههههههههههههه', 1, NULL, NULL),
(3, 'لاب توب جامد', 'ههههههههههههههههههههههمممممممممممممم', 4, NULL, NULL),
(4, 'لاب توب', 'شششششششششششش', 2, NULL, NULL),
(5, 'هاتف جوال', 'غغغغغغغغغغغغغغغغغغغغغغغغىىىىىىىىىىىىىىىىىىىى', 4, NULL, NULL),
(6, 'تليفون مصري', 'ةةةةةةةةةةةةةةةةةؤؤؤؤؤؤؤؤؤؤؤ', 3, NULL, NULL);

-- --------------------------------------------------------

--
-- بنية الجدول `roles`
--

CREATE TABLE `roles` (
  `id` bigint(20) UNSIGNED NOT NULL,
  `name` varchar(255) COLLATE utf8mb4_unicode_ci NOT NULL,
  `guard_name` varchar(255) COLLATE utf8mb4_unicode_ci NOT NULL,
  `created_at` timestamp NULL DEFAULT NULL,
  `updated_at` timestamp NULL DEFAULT NULL
) ENGINE=InnoDB DEFAULT CHARSET=utf8mb4 COLLATE=utf8mb4_unicode_ci;

--
-- إرجاع أو استيراد بيانات الجدول `roles`
--

INSERT INTO `roles` (`id`, `name`, `guard_name`, `created_at`, `updated_at`) VALUES
(5, 'owner', 'web', '2023-10-23 13:56:17', '2023-10-23 13:56:17'),
(11, 'user', 'web', '2023-10-23 23:34:56', '2023-10-23 23:34:56');

-- --------------------------------------------------------

--
-- بنية الجدول `role_has_permissions`
--

CREATE TABLE `role_has_permissions` (
  `permission_id` bigint(20) UNSIGNED NOT NULL,
  `role_id` bigint(20) UNSIGNED NOT NULL
) ENGINE=InnoDB DEFAULT CHARSET=utf8mb4 COLLATE=utf8mb4_unicode_ci;

--
-- إرجاع أو استيراد بيانات الجدول `role_has_permissions`
--

INSERT INTO `role_has_permissions` (`permission_id`, `role_id`) VALUES
(1, 5),
(1, 11),
(2, 5),
(2, 11),
(3, 5),
(3, 11),
(4, 5),
(5, 5),
(6, 5),
(7, 5),
(8, 5),
(9, 5),
(10, 5),
(10, 11),
(11, 5),
(11, 11),
(12, 5),
(12, 11),
(13, 5),
(14, 5),
(15, 5),
(16, 5),
(16, 11),
(17, 5),
(18, 5),
(19, 5),
(20, 5),
(21, 5),
(22, 5),
(23, 5),
(24, 5),
(25, 5),
(26, 5),
(26, 11),
(27, 5),
(27, 11),
(28, 5),
(29, 5),
(30, 5),
(31, 5),
(32, 5),
(33, 5),
(34, 5),
(35, 5),
(36, 5),
(37, 5),
(38, 5);

-- --------------------------------------------------------

--
-- بنية الجدول `sections`
--

CREATE TABLE `sections` (
  `id` bigint(20) UNSIGNED NOT NULL,
  `section_name` varchar(999) COLLATE utf8mb4_unicode_ci NOT NULL,
  `description` text COLLATE utf8mb4_unicode_ci DEFAULT NULL,
  `Created_by` varchar(999) COLLATE utf8mb4_unicode_ci NOT NULL,
  `created_at` timestamp NULL DEFAULT NULL,
  `updated_at` timestamp NULL DEFAULT NULL
) ENGINE=InnoDB DEFAULT CHARSET=utf8mb4 COLLATE=utf8mb4_unicode_ci;

--
-- إرجاع أو استيراد بيانات الجدول `sections`
--

INSERT INTO `sections` (`id`, `section_name`, `description`, `Created_by`, `created_at`, `updated_at`) VALUES
(1, 'البنك الأهلي', 'تتتتتتتتتتتتت', 'mahmoud', NULL, NULL),
(2, 'بنك مصر', 'ععععععععععععع', 'mahmoud', NULL, NULL),
(3, 'البنك العربي الإفريقي', 'ععععععععععععععععع', 'mahmoud', NULL, NULL),
(4, 'بنك الرياض', 'ضضضضضضضضضضضضضضض', 'mahmoud', NULL, NULL);

-- --------------------------------------------------------

--
-- بنية الجدول `users`
--

CREATE TABLE `users` (
  `id` bigint(20) UNSIGNED NOT NULL,
  `name` varchar(255) COLLATE utf8mb4_unicode_ci NOT NULL,
  `email` varchar(255) COLLATE utf8mb4_unicode_ci NOT NULL,
  `email_verified_at` timestamp NULL DEFAULT NULL,
  `password` varchar(255) COLLATE utf8mb4_unicode_ci NOT NULL,
  `roles_name` text COLLATE utf8mb4_unicode_ci NOT NULL,
  `Status` varchar(10) COLLATE utf8mb4_unicode_ci NOT NULL,
  `remember_token` varchar(100) COLLATE utf8mb4_unicode_ci DEFAULT NULL,
  `created_at` timestamp NULL DEFAULT NULL,
  `updated_at` timestamp NULL DEFAULT NULL
) ENGINE=InnoDB DEFAULT CHARSET=utf8mb4 COLLATE=utf8mb4_unicode_ci;

--
-- إرجاع أو استيراد بيانات الجدول `users`
--

INSERT INTO `users` (`id`, `name`, `email`, `email_verified_at`, `password`, `roles_name`, `Status`, `remember_token`, `created_at`, `updated_at`) VALUES
(5, 'mahmoud', 'hodamedocrv@gmail.com', NULL, '$2y$10$jhV7/lfxyxSplmS6hgo5ku8TK/VBSR6lRaNc0FAnBrqBDHD8p5puS', '[\"owner\"]', 'مفعل', NULL, '2023-10-23 13:56:17', '2023-10-23 13:56:17'),
(6, 'hoda', 'mahmoud@elementor.com', NULL, '$2y$10$EYkLH4Xp8.LP52kDdADVdu4PCEySKQUOppsmDikCewMQSjE6OXV7i', '[\"user\"]', 'مفعل', NULL, '2023-10-23 14:19:32', '2023-11-14 11:48:02');

--
-- Indexes for dumped tables
--

--
-- Indexes for table `failed_jobs`
--
ALTER TABLE `failed_jobs`
  ADD PRIMARY KEY (`id`),
  ADD UNIQUE KEY `failed_jobs_uuid_unique` (`uuid`);

--
-- Indexes for table `invoices`
--
ALTER TABLE `invoices`
  ADD PRIMARY KEY (`id`);

--
-- Indexes for table `invoice_attachments`
--
ALTER TABLE `invoice_attachments`
  ADD PRIMARY KEY (`id`);

--
-- Indexes for table `invoice_details`
--
ALTER TABLE `invoice_details`
  ADD PRIMARY KEY (`id`);

--
-- Indexes for table `migrations`
--
ALTER TABLE `migrations`
  ADD PRIMARY KEY (`id`);

--
-- Indexes for table `model_has_permissions`
--
ALTER TABLE `model_has_permissions`
  ADD PRIMARY KEY (`permission_id`,`model_id`,`model_type`),
  ADD KEY `model_has_permissions_model_id_model_type_index` (`model_id`,`model_type`);

--
-- Indexes for table `model_has_roles`
--
ALTER TABLE `model_has_roles`
  ADD PRIMARY KEY (`role_id`,`model_id`,`model_type`),
  ADD KEY `model_has_roles_model_id_model_type_index` (`model_id`,`model_type`);

--
-- Indexes for table `notifications`
--
ALTER TABLE `notifications`
  ADD PRIMARY KEY (`id`),
  ADD KEY `notifications_notifiable_type_notifiable_id_index` (`notifiable_type`,`notifiable_id`);

--
-- Indexes for table `password_resets`
--
ALTER TABLE `password_resets`
  ADD KEY `password_resets_email_index` (`email`);

--
-- Indexes for table `permissions`
--
ALTER TABLE `permissions`
  ADD PRIMARY KEY (`id`),
  ADD UNIQUE KEY `permissions_name_guard_name_unique` (`name`,`guard_name`);

--
-- Indexes for table `personal_access_tokens`
--
ALTER TABLE `personal_access_tokens`
  ADD PRIMARY KEY (`id`),
  ADD UNIQUE KEY `personal_access_tokens_token_unique` (`token`),
  ADD KEY `personal_access_tokens_tokenable_type_tokenable_id_index` (`tokenable_type`,`tokenable_id`);

--
-- Indexes for table `products`
--
ALTER TABLE `products`
  ADD PRIMARY KEY (`id`);

--
-- Indexes for table `roles`
--
ALTER TABLE `roles`
  ADD PRIMARY KEY (`id`),
  ADD UNIQUE KEY `roles_name_guard_name_unique` (`name`,`guard_name`);

--
-- Indexes for table `role_has_permissions`
--
ALTER TABLE `role_has_permissions`
  ADD PRIMARY KEY (`permission_id`,`role_id`),
  ADD KEY `role_has_permissions_role_id_foreign` (`role_id`);

--
-- Indexes for table `sections`
--
ALTER TABLE `sections`
  ADD PRIMARY KEY (`id`);

--
-- Indexes for table `users`
--
ALTER TABLE `users`
  ADD PRIMARY KEY (`id`),
  ADD UNIQUE KEY `users_email_unique` (`email`);

--
-- AUTO_INCREMENT for dumped tables
--

--
-- AUTO_INCREMENT for table `failed_jobs`
--
ALTER TABLE `failed_jobs`
  MODIFY `id` bigint(20) UNSIGNED NOT NULL AUTO_INCREMENT;

--
-- AUTO_INCREMENT for table `invoices`
--
ALTER TABLE `invoices`
  MODIFY `id` bigint(20) UNSIGNED NOT NULL AUTO_INCREMENT, AUTO_INCREMENT=30;

--
-- AUTO_INCREMENT for table `invoice_attachments`
--
ALTER TABLE `invoice_attachments`
  MODIFY `id` bigint(20) UNSIGNED NOT NULL AUTO_INCREMENT, AUTO_INCREMENT=29;

--
-- AUTO_INCREMENT for table `invoice_details`
--
ALTER TABLE `invoice_details`
  MODIFY `id` bigint(20) UNSIGNED NOT NULL AUTO_INCREMENT, AUTO_INCREMENT=48;

--
-- AUTO_INCREMENT for table `migrations`
--
ALTER TABLE `migrations`
  MODIFY `id` int(10) UNSIGNED NOT NULL AUTO_INCREMENT, AUTO_INCREMENT=12;

--
-- AUTO_INCREMENT for table `permissions`
--
ALTER TABLE `permissions`
  MODIFY `id` bigint(20) UNSIGNED NOT NULL AUTO_INCREMENT, AUTO_INCREMENT=39;

--
-- AUTO_INCREMENT for table `personal_access_tokens`
--
ALTER TABLE `personal_access_tokens`
  MODIFY `id` bigint(20) UNSIGNED NOT NULL AUTO_INCREMENT;

--
-- AUTO_INCREMENT for table `products`
--
ALTER TABLE `products`
  MODIFY `id` bigint(20) UNSIGNED NOT NULL AUTO_INCREMENT, AUTO_INCREMENT=7;

--
-- AUTO_INCREMENT for table `roles`
--
ALTER TABLE `roles`
  MODIFY `id` bigint(20) UNSIGNED NOT NULL AUTO_INCREMENT, AUTO_INCREMENT=13;

--
-- AUTO_INCREMENT for table `sections`
--
ALTER TABLE `sections`
  MODIFY `id` bigint(20) UNSIGNED NOT NULL AUTO_INCREMENT, AUTO_INCREMENT=5;

--
-- AUTO_INCREMENT for table `users`
--
ALTER TABLE `users`
  MODIFY `id` bigint(20) UNSIGNED NOT NULL AUTO_INCREMENT, AUTO_INCREMENT=8;

--
-- قيود الجداول المحفوظة
--

--
-- القيود للجدول `model_has_permissions`
--
ALTER TABLE `model_has_permissions`
  ADD CONSTRAINT `model_has_permissions_permission_id_foreign` FOREIGN KEY (`permission_id`) REFERENCES `permissions` (`id`) ON DELETE CASCADE;

--
-- القيود للجدول `model_has_roles`
--
ALTER TABLE `model_has_roles`
  ADD CONSTRAINT `model_has_roles_role_id_foreign` FOREIGN KEY (`role_id`) REFERENCES `roles` (`id`) ON DELETE CASCADE;

--
-- القيود للجدول `role_has_permissions`
--
ALTER TABLE `role_has_permissions`
  ADD CONSTRAINT `role_has_permissions_permission_id_foreign` FOREIGN KEY (`permission_id`) REFERENCES `permissions` (`id`) ON DELETE CASCADE,
  ADD CONSTRAINT `role_has_permissions_role_id_foreign` FOREIGN KEY (`role_id`) REFERENCES `roles` (`id`) ON DELETE CASCADE;
COMMIT;

/*!40101 SET CHARACTER_SET_CLIENT=@OLD_CHARACTER_SET_CLIENT */;
/*!40101 SET CHARACTER_SET_RESULTS=@OLD_CHARACTER_SET_RESULTS */;
/*!40101 SET COLLATION_CONNECTION=@OLD_COLLATION_CONNECTION */;
